{"cameraMode":{"drawMode":0,"name":"Shaded","section":"Shading Mode"},"sceneLighting":false,"audioPlay":false,"sceneViewState":{"m_AlwaysRefresh":false,"showFog":true,"showSkybox":false,"showFlares":true,"showImageEffects":true,"showParticleSystems":true,"showVisualEffectGraphs":true,"m_FxEnabled":true},"in2DMode":false,"pivot":{"x":12.982270240783692,"y":1.3492707014083863,"z":15.339286804199219},"rotation":{"x":0.0051664309576153759,"y":0.5084543824195862,"z":-0.003050904953852296,"w":0.861070454120636},"size":5.412944316864014,"orthographic":false}