{"cameraMode":{"drawMode":0,"name":"Shaded","section":"Shading Mode"},"sceneLighting":false,"audioPlay":false,"sceneViewState":{"m_AlwaysRefresh":false,"showFog":true,"showSkybox":false,"showFlares":true,"showImageEffects":true,"showParticleSystems":true,"showVisualEffectGraphs":true,"m_FxEnabled":true},"in2DMode":false,"pivot":{"x":-20.476049423217775,"y":0.7253256440162659,"z":4.697971820831299},"rotation":{"x":0.1368371546268463,"y":0.0430760495364666,"z":-0.0059557403437793259,"w":0.9896407723426819},"size":1.443615436553955,"orthographic":false}